ZIP,COUNTYNAME,STATE,STCOUNTYFP,CLASSFP
20024,District of Columbia,DC,11001,H6
20376,District of Columbia,DC,11001,H6
20319,District of Columbia,DC,11001,H6
20037,District of Columbia,DC,11001,H6
20030,District of Columbia,DC,11001,H6
20522,District of Columbia,DC,11001,H6
20520,District of Columbia,DC,11001,H6
20500,District of Columbia,DC,11001,H6
20038,District of Columbia,DC,11001,H6
20544,District of Columbia,DC,11001,H6
20566,District of Columbia,DC,11001,H6
20506,District of Columbia,DC,11001,H6
20451,District of Columbia,DC,11001,H6
20201,District of Columbia,DC,11001,H6
20442,District of Columbia,DC,11001,H6
20254,District of Columbia,DC,11001,H6
20415,District of Columbia,DC,11001,H6
20547,District of Columbia,DC,11001,H6
20546,District of Columbia,DC,11001,H6
20543,District of Columbia,DC,11001,H6
20428,District of Columbia,DC,11001,H6
20220,District of Columbia,DC,11001,H6
20060,District of Columbia,DC,11001,H6
20573,District of Columbia,DC,11001,H6
20245,District of Columbia,DC,11001,H6
20425,District of Columbia,DC,11001,H6
20542,District of Columbia,DC,11001,H6
20509,District of Columbia,DC,11001,H6
20392,District of Columbia,DC,11001,H6
20019,District of Columbia,DC,11001,H6
20016,District of Columbia,DC,11001,H6
20536,District of Columbia,DC,11001,H6
20032,District of Columbia,DC,11001,H6
20036,District of Columbia,DC,11001,H6
20020,District of Columbia,DC,11001,H6
20570,District of Columbia,DC,11001,H6
20597,District of Columbia,DC,11001,H6
20202,District of Columbia,DC,11001,H6
20510,District of Columbia,DC,11001,H6
20229,District of Columbia,DC,11001,H6
20440,District of Columbia,DC,11001,H6
20076,District of Columbia,DC,11001,H6
20524,District of Columbia,DC,11001,H6
20056,District of Columbia,DC,11001,H6
20213,District of Columbia,DC,11001,H6
20289,District of Columbia,DC,11001,H6
20244,District of Columbia,DC,11001,H6
20531,District of Columbia,DC,11001,H6
20407,District of Columbia,DC,11001,H6
20423,District of Columbia,DC,11001,H6
20557,District of Columbia,DC,11001,H6
20005,District of Columbia,DC,11001,H6
20004,District of Columbia,DC,11001,H6
20001,District of Columbia,DC,11001,H6
20026,District of Columbia,DC,11001,H6
20044,District of Columbia,DC,11001,H6
20065,District of Columbia,DC,11001,H6
20059,District of Columbia,DC,11001,H6
20380,District of Columbia,DC,11001,H6
20033,District of Columbia,DC,11001,H6
20039,District of Columbia,DC,11001,H6
20043,District of Columbia,DC,11001,H6
20503,District of Columbia,DC,11001,H6
20530,District of Columbia,DC,11001,H6
20523,District of Columbia,DC,11001,H6
20551,District of Columbia,DC,11001,H6
20404,District of Columbia,DC,11001,H6
20560,District of Columbia,DC,11001,H6
20240,District of Columbia,DC,11001,H6
20594,District of Columbia,DC,11001,H6
20590,District of Columbia,DC,11001,H6
20270,District of Columbia,DC,11001,H6
20419,District of Columbia,DC,11001,H6
20434,District of Columbia,DC,11001,H6
20539,District of Columbia,DC,11001,H6
20219,District of Columbia,DC,11001,H6
20508,District of Columbia,DC,11001,H6
20042,District of Columbia,DC,11001,H6
20208,District of Columbia,DC,11001,H6
20049,District of Columbia,DC,11001,H6
20439,District of Columbia,DC,11001,H6
20591,District of Columbia,DC,11001,H6
20006,District of Columbia,DC,11001,H6
20002,District of Columbia,DC,11001,H6
20223,District of Columbia,DC,11001,H6
20374,District of Columbia,DC,11001,H6
20515,District of Columbia,DC,11001,H6
20090,District of Columbia,DC,11001,H6
20045,District of Columbia,DC,11001,H6
20422,District of Columbia,DC,11001,H6
20576,District of Columbia,DC,11001,H6
20414,District of Columbia,DC,11001,H6
20527,District of Columbia,DC,11001,H6
20303,District of Columbia,DC,11001,H6
20242,District of Columbia,DC,11001,H6
20411,District of Columbia,DC,11001,H6
20391,District of Columbia,DC,11001,H6
20053,District of Columbia,DC,11001,H6
20504,District of Columbia,DC,11001,H6
20555,District of Columbia,DC,11001,H6
20203,District of Columbia,DC,11001,H6
20370,District of Columbia,DC,11001,H6
20444,District of Columbia,DC,11001,H6
20505,District of Columbia,DC,11001,H6
20064,District of Columbia,DC,11001,H6
20204,District of Columbia,DC,11001,H6
20011,District of Columbia,DC,11001,H6
20018,District of Columbia,DC,11001,H6
20010,District of Columbia,DC,11001,H6
20540,District of Columbia,DC,11001,H6
20250,District of Columbia,DC,11001,H6
20373,District of Columbia,DC,11001,H6
20472,District of Columbia,DC,11001,H6
20528,District of Columbia,DC,11001,H6
20534,District of Columbia,DC,11001,H6
20029,District of Columbia,DC,11001,H6
20554,District of Columbia,DC,11001,H6
20575,District of Columbia,DC,11001,H6
20429,District of Columbia,DC,11001,H6
20433,District of Columbia,DC,11001,H6
20071,District of Columbia,DC,11001,H6
20541,District of Columbia,DC,11001,H6
20456,District of Columbia,DC,11001,H6
20340,District of Columbia,DC,11001,H6
20579,District of Columbia,DC,11001,H6
20581,District of Columbia,DC,11001,H6
20553,District of Columbia,DC,11001,H6
20412,District of Columbia,DC,11001,H6
20417,District of Columbia,DC,11001,H6
20463,District of Columbia,DC,11001,H6
20521,District of Columbia,DC,11001,H6
20015,District of Columbia,DC,11001,H6
20091,District of Columbia,DC,11001,H6
20593,District of Columbia,DC,11001,H6
20436,District of Columbia,DC,11001,H6
20401,District of Columbia,DC,11001,H6
20224,District of Columbia,DC,11001,H6
20398,District of Columbia,DC,11001,H6
20424,District of Columbia,DC,11001,H6
20066,District of Columbia,DC,11001,H6
20416,District of Columbia,DC,11001,H6
20421,District of Columbia,DC,11001,H6
20221,District of Columbia,DC,11001,H6
20268,District of Columbia,DC,11001,H6
20535,District of Columbia,DC,11001,H6
20441,District of Columbia,DC,11001,H6
20057,District of Columbia,DC,11001,H6
20216,District of Columbia,DC,11001,H6
20548,District of Columbia,DC,11001,H6
20403,District of Columbia,DC,11001,H6
20230,District of Columbia,DC,11001,H6
20402,District of Columbia,DC,11001,H6
20073,District of Columbia,DC,11001,H6
20526,District of Columbia,DC,11001,H6
20533,District of Columbia,DC,11001,H6
20431,District of Columbia,DC,11001,H6
20538,District of Columbia,DC,11001,H6
20571,District of Columbia,DC,11001,H6
20063,District of Columbia,DC,11001,H6
20235,District of Columbia,DC,11001,H6
20410,District of Columbia,DC,11001,H6
20420,District of Columbia,DC,11001,H6
20017,District of Columbia,DC,11001,H6
20003,District of Columbia,DC,11001,H6
20008,District of Columbia,DC,11001,H6
20529,District of Columbia,DC,11001,H6
20040,District of Columbia,DC,11001,H6
20549,District of Columbia,DC,11001,H6
20239,District of Columbia,DC,11001,H6
20435,District of Columbia,DC,11001,H6
20375,District of Columbia,DC,11001,H6
56998,District of Columbia,DC,11001,H6
20405,District of Columbia,DC,11001,H6
20552,District of Columbia,DC,11001,H6
20388,District of Columbia,DC,11001,H6
20577,District of Columbia,DC,11001,H6
20211,District of Columbia,DC,11001,H6
20241,District of Columbia,DC,11001,H6
20217,District of Columbia,DC,11001,H6
20222,District of Columbia,DC,11001,H6
20218,District of Columbia,DC,11001,H6
20413,District of Columbia,DC,11001,H6
20055,District of Columbia,DC,11001,H6
20210,District of Columbia,DC,11001,H6
20237,District of Columbia,DC,11001,H6
20580,District of Columbia,DC,11001,H6
20047,District of Columbia,DC,11001,H6
20062,District of Columbia,DC,11001,H6
20447,District of Columbia,DC,11001,H6
20012,District of Columbia,DC,11001,H6
20009,District of Columbia,DC,11001,H6
20013,District of Columbia,DC,11001,H6
20007,District of Columbia,DC,11001,H6
20559,District of Columbia,DC,11001,H6
20226,District of Columbia,DC,11001,H6
20035,District of Columbia,DC,11001,H6
20027,District of Columbia,DC,11001,H6
20052,District of Columbia,DC,11001,H6
20586,District of Columbia,DC,11001,H6
20372,District of Columbia,DC,11001,H6
20318,District of Columbia,DC,11001,H6
20565,District of Columbia,DC,11001,H6
20418,District of Columbia,DC,11001,H6
20507,District of Columbia,DC,11001,H6
20427,District of Columbia,DC,11001,H6
20260,District of Columbia,DC,11001,H6
20212,District of Columbia,DC,11001,H6
20585,District of Columbia,DC,11001,H6
20460,District of Columbia,DC,11001,H6
20437,District of Columbia,DC,11001,H6
20227,District of Columbia,DC,11001,H6
20390,District of Columbia,DC,11001,H6
20408,District of Columbia,DC,11001,H6
20525,District of Columbia,DC,11001,H6
20215,District of Columbia,DC,11001,H6
20426,District of Columbia,DC,11001,H6
20572,District of Columbia,DC,11001,H6
20306,District of Columbia,DC,11001,H6
20228,District of Columbia,DC,11001,H6
21545,Allegany County,MD,24001,H1
21501,Allegany County,MD,24001,H1
21539,Allegany County,MD,24001,H1
21556,Allegany County,MD,24001,H1
21542,Allegany County,MD,24001,H1
21502,Allegany County,MD,24001,H1
21532,Allegany County,MD,24001,H1
21521,Allegany County,MD,24001,H1
21503,Allegany County,MD,24001,H1
21557,Allegany County,MD,24001,H1
21543,Allegany County,MD,24001,H1
21529,Allegany County,MD,24001,H1
21560,Allegany County,MD,24001,H1
21555,Allegany County,MD,24001,H1
21766,Allegany County,MD,24001,H1
21540,Allegany County,MD,24001,H1
21530,Allegany County,MD,24001,H1
21562,Allegany County,MD,24001,H1
21524,Allegany County,MD,24001,H1
21505,Allegany County,MD,24001,H1
21750,Allegany County,MD,24001,H1
21528,Allegany County,MD,24001,H1
21504,Allegany County,MD,24001,H1
20701,Anne Arundel County,MD,24003,H1
21140,Anne Arundel County,MD,24003,H1
21076,Anne Arundel County,MD,24003,H1
21401,Anne Arundel County,MD,24003,H1
21240,Anne Arundel County,MD,24003,H1
20765,Anne Arundel County,MD,24003,H1
20711,Anne Arundel County,MD,24003,H1
20733,Anne Arundel County,MD,24003,H1
21412,Anne Arundel County,MD,24003,H1
20755,Anne Arundel County,MD,24003,H1
20751,Anne Arundel County,MD,24003,H1
20758,Anne Arundel County,MD,24003,H1
21146,Anne Arundel County,MD,24003,H1
21402,Anne Arundel County,MD,24003,H1
20778,Anne Arundel County,MD,24003,H1
21077,Anne Arundel County,MD,24003,H1
21106,Anne Arundel County,MD,24003,H1
20794,Anne Arundel County,MD,24003,H1
20764,Anne Arundel County,MD,24003,H1
21035,Anne Arundel County,MD,24003,H1
21123,Anne Arundel County,MD,24003,H1
21226,Anne Arundel County,MD,24003,H1
21403,Anne Arundel County,MD,24003,H1
20736,Anne Arundel County,MD,24003,H1
21062,Anne Arundel County,MD,24003,H1
21411,Anne Arundel County,MD,24003,H1
21113,Anne Arundel County,MD,24003,H1
21054,Anne Arundel County,MD,24003,H1
21056,Anne Arundel County,MD,24003,H1
21225,Anne Arundel County,MD,24003,H1
20776,Anne Arundel County,MD,24003,H1
21032,Anne Arundel County,MD,24003,H1
21122,Anne Arundel County,MD,24003,H1
21144,Anne Arundel County,MD,24003,H1
21108,Anne Arundel County,MD,24003,H1
21405,Anne Arundel County,MD,24003,H1
21060,Anne Arundel County,MD,24003,H1
21061,Anne Arundel County,MD,24003,H1
20724,Anne Arundel County,MD,24003,H1
20779,Anne Arundel County,MD,24003,H1
21037,Anne Arundel County,MD,24003,H1
21012,Anne Arundel County,MD,24003,H1
21090,Anne Arundel County,MD,24003,H1
21114,Anne Arundel County,MD,24003,H1
21409,Anne Arundel County,MD,24003,H1
21404,Anne Arundel County,MD,24003,H1
20714,Anne Arundel County,MD,24003,H1
20754,Anne Arundel County,MD,24003,H1
21221,Baltimore County,MD,24005,H1
21224,Baltimore County,MD,24005,H1
21153,Baltimore County,MD,24005,H1
21282,Baltimore County,MD,24005,H1
21092,Baltimore County,MD,24005,H1
21105,Baltimore County,MD,24005,H1
21136,Baltimore County,MD,24005,H1
21053,Baltimore County,MD,24005,H1
21237,Baltimore County,MD,24005,H1
21222,Baltimore County,MD,24005,H1
21163,Baltimore County,MD,24005,H1
21104,Baltimore County,MD,24005,H1
21235,Baltimore County,MD,24005,H1
21087,Baltimore County,MD,24005,H1
21057,Baltimore County,MD,24005,H1
21229,Baltimore County,MD,24005,H1
21227,Baltimore County,MD,24005,H1
21207,Baltimore County,MD,24005,H1
21206,Baltimore County,MD,24005,H1
21022,Baltimore County,MD,24005,H1
21082,Baltimore County,MD,24005,H1
21065,Baltimore County,MD,24005,H1
21225,Baltimore County,MD,24005,H1
21204,Baltimore County,MD,24005,H1
21234,Baltimore County,MD,24005,H1
21212,Baltimore County,MD,24005,H1
21210,Baltimore County,MD,24005,H1
21051,Baltimore County,MD,24005,H1
21252,Baltimore County,MD,24005,H1
21031,Baltimore County,MD,24005,H1
21128,Baltimore County,MD,24005,H1
21131,Baltimore County,MD,24005,H1
21228,Baltimore County,MD,24005,H1
21236,Baltimore County,MD,24005,H1
21215,Baltimore County,MD,24005,H1
21139,Baltimore County,MD,24005,H1
21285,Baltimore County,MD,24005,H1
21023,Baltimore County,MD,24005,H1
21043,Baltimore County,MD,24005,H1
21155,Baltimore County,MD,24005,H1
21117,Baltimore County,MD,24005,H1
21102,Baltimore County,MD,24005,H1
21071,Baltimore County,MD,24005,H1
21085,Baltimore County,MD,24005,H1
21030,Baltimore County,MD,24005,H1
21161,Baltimore County,MD,24005,H1
21162,Baltimore County,MD,24005,H1
21133,Baltimore County,MD,24005,H1
21052,Baltimore County,MD,24005,H1
21209,Baltimore County,MD,24005,H1
21208,Baltimore County,MD,24005,H1
21286,Baltimore County,MD,24005,H1
21244,Baltimore County,MD,24005,H1
21284,Baltimore County,MD,24005,H1
21156,Baltimore County,MD,24005,H1
21239,Baltimore County,MD,24005,H1
21241,Baltimore County,MD,24005,H1
21152,Baltimore County,MD,24005,H1
21120,Baltimore County,MD,24005,H1
21093,Baltimore County,MD,24005,H1
21111,Baltimore County,MD,24005,H1
21074,Baltimore County,MD,24005,H1
21220,Baltimore County,MD,24005,H1
21013,Baltimore County,MD,24005,H1
21094,Baltimore County,MD,24005,H1
21219,Baltimore County,MD,24005,H1
21020,Baltimore County,MD,24005,H1
21250,Baltimore County,MD,24005,H1
21027,Baltimore County,MD,24005,H1
20714,Calvert County,MD,24009,H1
20688,Calvert County,MD,24009,H1
20754,Calvert County,MD,24009,H1
20629,Calvert County,MD,24009,H1
20657,Calvert County,MD,24009,H1
20678,Calvert County,MD,24009,H1
20639,Calvert County,MD,24009,H1
20689,Calvert County,MD,24009,H1
20610,Calvert County,MD,24009,H1
20758,Calvert County,MD,24009,H1
20736,Calvert County,MD,24009,H1
20732,Calvert County,MD,24009,H1
20615,Calvert County,MD,24009,H1
20676,Calvert County,MD,24009,H1
20685,Calvert County,MD,24009,H1
21632,Caroline County,MD,24011,H1
21641,Caroline County,MD,24011,H1
21640,Caroline County,MD,24011,H1
21649,Caroline County,MD,24011,H1
21657,Caroline County,MD,24011,H1
21629,Caroline County,MD,24011,H1
21655,Caroline County,MD,24011,H1
21636,Caroline County,MD,24011,H1
21660,Caroline County,MD,24011,H1
21609,Caroline County,MD,24011,H1
21639,Caroline County,MD,24011,H1
21074,Carroll County,MD,24013,H1
21048,Carroll County,MD,24013,H1
21771,Carroll County,MD,24013,H1
21784,Carroll County,MD,24013,H1
21757,Carroll County,MD,24013,H1
21791,Carroll County,MD,24013,H1
21157,Carroll County,MD,24013,H1
21102,Carroll County,MD,24013,H1
21155,Carroll County,MD,24013,H1
21158,Carroll County,MD,24013,H1
21787,Carroll County,MD,24013,H1
21104,Carroll County,MD,24013,H1
21776,Carroll County,MD,24013,H1
21797,Carroll County,MD,24013,H1
21136,Carroll County,MD,24013,H1
21911,Cecil County,MD,24015,H1
21902,Cecil County,MD,24015,H1
21921,Cecil County,MD,24015,H1
21903,Cecil County,MD,24015,H1
21922,Cecil County,MD,24015,H1
21930,Cecil County,MD,24015,H1
21912,Cecil County,MD,24015,H1
21916,Cecil County,MD,24015,H1
21918,Cecil County,MD,24015,H1
21901,Cecil County,MD,24015,H1
21919,Cecil County,MD,24015,H1
21917,Cecil County,MD,24015,H1
21904,Cecil County,MD,24015,H1
21913,Cecil County,MD,24015,H1
21914,Cecil County,MD,24015,H1
21915,Cecil County,MD,24015,H1
21920,Cecil County,MD,24015,H1
20637,Charles County,MD,24017,H1
20675,Charles County,MD,24017,H1
20695,Charles County,MD,24017,H1
20658,Charles County,MD,24017,H1
20601,Charles County,MD,24017,H1
20616,Charles County,MD,24017,H1
20617,Charles County,MD,24017,H1
20611,Charles County,MD,24017,H1
20632,Charles County,MD,24017,H1
20664,Charles County,MD,24017,H1
20603,Charles County,MD,24017,H1
20625,Charles County,MD,24017,H1
20612,Charles County,MD,24017,H1
20607,Charles County,MD,24017,H1
20661,Charles County,MD,24017,H1
20646,Charles County,MD,24017,H1
20645,Charles County,MD,24017,H1
20643,Charles County,MD,24017,H1
20677,Charles County,MD,24017,H1
20693,Charles County,MD,24017,H1
20640,Charles County,MD,24017,H1
20602,Charles County,MD,24017,H1
20622,Charles County,MD,24017,H1
20604,Charles County,MD,24017,H1
20662,Charles County,MD,24017,H1
20659,Charles County,MD,24017,H1
20613,Charles County,MD,24017,H1
21632,Dorchester County,MD,24019,H1
21643,Dorchester County,MD,24019,H1
21613,Dorchester County,MD,24019,H1
21648,Dorchester County,MD,24019,H1
21631,Dorchester County,MD,24019,H1
21634,Dorchester County,MD,24019,H1
21869,Dorchester County,MD,24019,H1
21659,Dorchester County,MD,24019,H1
21626,Dorchester County,MD,24019,H1
21675,Dorchester County,MD,24019,H1
21669,Dorchester County,MD,24019,H1
21627,Dorchester County,MD,24019,H1
21622,Dorchester County,MD,24019,H1
21677,Dorchester County,MD,24019,H1
21835,Dorchester County,MD,24019,H1
21672,Dorchester County,MD,24019,H1
21664,Dorchester County,MD,24019,H1
21702,Frederick County,MD,24021,H1
21788,Frederick County,MD,24021,H1
21774,Frederick County,MD,24021,H1
21777,Frederick County,MD,24021,H1
21759,Frederick County,MD,24021,H1
21762,Frederick County,MD,24021,H1
21776,Frederick County,MD,24021,H1
21701,Frederick County,MD,24021,H1
21773,Frederick County,MD,24021,H1
21755,Frederick County,MD,24021,H1
21771,Frederick County,MD,24021,H1
21757,Frederick County,MD,24021,H1
21703,Frederick County,MD,24021,H1
21710,Frederick County,MD,24021,H1
21754,Frederick County,MD,24021,H1
21783,Frederick County,MD,24021,H1
21705,Frederick County,MD,24021,H1
21719,Frederick County,MD,24021,H1
20842,Frederick County,MD,24021,H1
21727,Frederick County,MD,24021,H1
21769,Frederick County,MD,24021,H1
21793,Frederick County,MD,24021,H1
21787,Frederick County,MD,24021,H1
21798,Frederick County,MD,24021,H1
21791,Frederick County,MD,24021,H1
21778,Frederick County,MD,24021,H1
21714,Frederick County,MD,24021,H1
20871,Frederick County,MD,24021,H1
21716,Frederick County,MD,24021,H1
21770,Frederick County,MD,24021,H1
21717,Frederick County,MD,24021,H1
21790,Frederick County,MD,24021,H1
21718,Frederick County,MD,24021,H1
21775,Frederick County,MD,24021,H1
21704,Frederick County,MD,24021,H1
21758,Frederick County,MD,24021,H1
21780,Frederick County,MD,24021,H1
21713,Frederick County,MD,24021,H1
21539,Garrett County,MD,24023,H1
21538,Garrett County,MD,24023,H1
21550,Garrett County,MD,24023,H1
21520,Garrett County,MD,24023,H1
21532,Garrett County,MD,24023,H1
21561,Garrett County,MD,24023,H1
21541,Garrett County,MD,24023,H1
21521,Garrett County,MD,24023,H1
21523,Garrett County,MD,24023,H1
21536,Garrett County,MD,24023,H1
21522,Garrett County,MD,24023,H1
21531,Garrett County,MD,24023,H1
21562,Garrett County,MD,24023,H1
21040,Harford County,MD,24025,H1
21009,Harford County,MD,24025,H1
21010,Harford County,MD,24025,H1
21087,Harford County,MD,24025,H1
21085,Harford County,MD,24025,H1
21084,Harford County,MD,24025,H1
21017,Harford County,MD,24025,H1
21111,Harford County,MD,24025,H1
21130,Harford County,MD,24025,H1
21161,Harford County,MD,24025,H1
21078,Harford County,MD,24025,H1
21082,Harford County,MD,24025,H1
21050,Harford County,MD,24025,H1
21047,Harford County,MD,24025,H1
21013,Harford County,MD,24025,H1
21015,Harford County,MD,24025,H1
21005,Harford County,MD,24025,H1
21018,Harford County,MD,24025,H1
21154,Harford County,MD,24025,H1
21132,Harford County,MD,24025,H1
21014,Harford County,MD,24025,H1
21001,Harford County,MD,24025,H1
21034,Harford County,MD,24025,H1
21160,Harford County,MD,24025,H1
21028,Harford County,MD,24025,H1
21076,Howard County,MD,24027,H1
21042,Howard County,MD,24027,H1
21163,Howard County,MD,24027,H1
21797,Howard County,MD,24027,H1
21794,Howard County,MD,24027,H1
21771,Howard County,MD,24027,H1
21075,Howard County,MD,24027,H1
21046,Howard County,MD,24027,H1
21723,Howard County,MD,24027,H1
21765,Howard County,MD,24027,H1
21041,Howard County,MD,24027,H1
21784,Howard County,MD,24027,H1
21104,Howard County,MD,24027,H1
21737,Howard County,MD,24027,H1
21738,Howard County,MD,24027,H1
20794,Howard County,MD,24027,H1
20777,Howard County,MD,24027,H1
21045,Howard County,MD,24027,H1
20833,Howard County,MD,24027,H1
20723,Howard County,MD,24027,H1
20763,Howard County,MD,24027,H1
21036,Howard County,MD,24027,H1
21043,Howard County,MD,24027,H1
21029,Howard County,MD,24027,H1
21044,Howard County,MD,24027,H1
20701,Howard County,MD,24027,H1
20759,Howard County,MD,24027,H1
21150,Howard County,MD,24027,H1
21635,Kent County,MD,24029,H1
21645,Kent County,MD,24029,H1
21678,Kent County,MD,24029,H1
21690,Kent County,MD,24029,H1
21650,Kent County,MD,24029,H1
21667,Kent County,MD,24029,H1
21610,Kent County,MD,24029,H1
21620,Kent County,MD,24029,H1
21661,Kent County,MD,24029,H1
21651,Kent County,MD,24029,H1
21930,Kent County,MD,24029,H1
20850,Montgomery County,MD,24031,H1
20905,Montgomery County,MD,24031,H1
20876,Montgomery County,MD,24031,H1
20854,Montgomery County,MD,24031,H1
20898,Montgomery County,MD,24031,H1
20875,Montgomery County,MD,24031,H1
20896,Montgomery County,MD,24031,H1
20839,Montgomery County,MD,24031,H1
20916,Montgomery County,MD,24031,H1
20895,Montgomery County,MD,24031,H1
20871,Montgomery County,MD,24031,H1
20877,Montgomery County,MD,24031,H1
20866,Montgomery County,MD,24031,H1
20853,Montgomery County,MD,24031,H1
20849,Montgomery County,MD,24031,H1
21771,Montgomery County,MD,24031,H1
20868,Montgomery County,MD,24031,H1
20810,Montgomery County,MD,24031,H1
21797,Montgomery County,MD,24031,H1
20817,Montgomery County,MD,24031,H1
20832,Montgomery County,MD,24031,H1
20841,Montgomery County,MD,24031,H1
20814,Montgomery County,MD,24031,H1
20906,Montgomery County,MD,24031,H1
20878,Montgomery County,MD,24031,H1
20882,Montgomery County,MD,24031,H1
20872,Montgomery County,MD,24031,H1
20860,Montgomery County,MD,24031,H1
20825,Montgomery County,MD,24031,H1
20914,Montgomery County,MD,24031,H1
20911,Montgomery County,MD,24031,H1
20885,Montgomery County,MD,24031,H1
20883,Montgomery County,MD,24031,H1
20848,Montgomery County,MD,24031,H1
20915,Montgomery County,MD,24031,H1
20783,Montgomery County,MD,24031,H1
20993,Montgomery County,MD,24031,H1
20852,Montgomery County,MD,24031,H1
20903,Montgomery County,MD,24031,H1
20889,Montgomery County,MD,24031,H1
20847,Montgomery County,MD,24031,H1
20707,Montgomery County,MD,24031,H1
20894,Montgomery County,MD,24031,H1
20830,Montgomery County,MD,24031,H1
20904,Montgomery County,MD,24031,H1
20861,Montgomery County,MD,24031,H1
20838,Montgomery County,MD,24031,H1
20899,Montgomery County,MD,24031,H1
20891,Montgomery County,MD,24031,H1
20859,Montgomery County,MD,24031,H1
20918,Montgomery County,MD,24031,H1
20892,Montgomery County,MD,24031,H1
20811,Montgomery County,MD,24031,H1
20818,Montgomery County,MD,24031,H1
20824,Montgomery County,MD,24031,H1
20842,Montgomery County,MD,24031,H1
20912,Montgomery County,MD,24031,H1
20855,Montgomery County,MD,24031,H1
20880,Montgomery County,MD,24031,H1
20884,Montgomery County,MD,24031,H1
20907,Montgomery County,MD,24031,H1
20913,Montgomery County,MD,24031,H1
20207,Montgomery County,MD,24031,H1
20833,Montgomery County,MD,24031,H1
20851,Montgomery County,MD,24031,H1
20816,Montgomery County,MD,24031,H1
20902,Montgomery County,MD,24031,H1
20879,Montgomery County,MD,24031,H1
20901,Montgomery County,MD,24031,H1
20874,Montgomery County,MD,24031,H1
20827,Montgomery County,MD,24031,H1
20815,Montgomery County,MD,24031,H1
20837,Montgomery County,MD,24031,H1
20910,Montgomery County,MD,24031,H1
20886,Montgomery County,MD,24031,H1
20812,Montgomery County,MD,24031,H1
20862,Montgomery County,MD,24031,H1
20857,Montgomery County,MD,24031,H1
20777,Montgomery County,MD,24031,H1
20058,Montgomery County,MD,24031,H1
20715,Prince George's County,MD,24033,H1
20737,Prince George's County,MD,24033,H1
20912,Prince George's County,MD,24033,H1
20903,Prince George's County,MD,24033,H1
20738,Prince George's County,MD,24033,H1
20725,Prince George's County,MD,24033,H1
20389,Prince George's County,MD,24033,H1
20707,Prince George's County,MD,24033,H1
20712,Prince George's County,MD,24033,H1
20607,Prince George's County,MD,24033,H1
20783,Prince George's County,MD,24033,H1
20762,Prince George's County,MD,24033,H1
20744,Prince George's County,MD,24033,H1
20745,Prince George's County,MD,24033,H1
20775,Prince George's County,MD,24033,H1
20757,Prince George's County,MD,24033,H1
20623,Prince George's County,MD,24033,H1
20731,Prince George's County,MD,24033,H1
20724,Prince George's County,MD,24033,H1
20721,Prince George's County,MD,24033,H1
20601,Prince George's County,MD,24033,H1
20774,Prince George's County,MD,24033,H1
20787,Prince George's County,MD,24033,H1
20740,Prince George's County,MD,24033,H1
20743,Prince George's County,MD,24033,H1
20735,Prince George's County,MD,24033,H1
20773,Prince George's County,MD,24033,H1
20791,Prince George's County,MD,24033,H1
20708,Prince George's County,MD,24033,H1
20720,Prince George's County,MD,24033,H1
20705,Prince George's County,MD,24033,H1
20785,Prince George's County,MD,24033,H1
20770,Prince George's County,MD,24033,H1
20742,Prince George's County,MD,24033,H1
20752,Prince George's County,MD,24033,H1
20709,Prince George's County,MD,24033,H1
20616,Prince George's County,MD,24033,H1
20395,Prince George's County,MD,24033,H1
20710,Prince George's County,MD,24033,H1
20746,Prince George's County,MD,24033,H1
20782,Prince George's County,MD,24033,H1
20781,Prince George's County,MD,24033,H1
20748,Prince George's County,MD,24033,H1
20768,Prince George's County,MD,24033,H1
20769,Prince George's County,MD,24033,H1
20726,Prince George's County,MD,24033,H1
20717,Prince George's County,MD,24033,H1
20753,Prince George's County,MD,24033,H1
20588,Prince George's County,MD,24033,H1
20722,Prince George's County,MD,24033,H1
20747,Prince George's County,MD,24033,H1
20718,Prince George's County,MD,24033,H1
20750,Prince George's County,MD,24033,H1
20790,Prince George's County,MD,24033,H1
20409,Prince George's County,MD,24033,H1
20706,Prince George's County,MD,24033,H1
20716,Prince George's County,MD,24033,H1
20784,Prince George's County,MD,24033,H1
20608,Prince George's County,MD,24033,H1
20704,Prince George's County,MD,24033,H1
20741,Prince George's County,MD,24033,H1
20904,Prince George's County,MD,24033,H1
20599,Prince George's County,MD,24033,H1
20613,Prince George's County,MD,24033,H1
20233,Prince George's County,MD,24033,H1
20792,Prince George's County,MD,24033,H1
20771,Prince George's County,MD,24033,H1
20772,Prince George's County,MD,24033,H1
20749,Prince George's County,MD,24033,H1
20703,Prince George's County,MD,24033,H1
20799,Prince George's County,MD,24033,H1
21668,Queen Anne's County,MD,24035,H1
21619,Queen Anne's County,MD,24035,H1
21649,Queen Anne's County,MD,24035,H1
21679,Queen Anne's County,MD,24035,H1
21670,Queen Anne's County,MD,24035,H1
21666,Queen Anne's County,MD,24035,H1
21620,Queen Anne's County,MD,24035,H1
21607,Queen Anne's County,MD,24035,H1
21638,Queen Anne's County,MD,24035,H1
21617,Queen Anne's County,MD,24035,H1
21658,Queen Anne's County,MD,24035,H1
21640,Queen Anne's County,MD,24035,H1
21651,Queen Anne's County,MD,24035,H1
21628,Queen Anne's County,MD,24035,H1
21657,Queen Anne's County,MD,24035,H1
21656,Queen Anne's County,MD,24035,H1
21623,Queen Anne's County,MD,24035,H1
21644,Queen Anne's County,MD,24035,H1
20692,St. Mary's County,MD,24037,H1
20690,St. Mary's County,MD,24037,H1
20636,St. Mary's County,MD,24037,H1
20609,St. Mary's County,MD,24037,H1
20686,St. Mary's County,MD,24037,H1
20684,St. Mary's County,MD,24037,H1
20622,St. Mary's County,MD,24037,H1
20660,St. Mary's County,MD,24037,H1
20620,St. Mary's County,MD,24037,H1
20606,St. Mary's County,MD,24037,H1
20635,St. Mary's County,MD,24037,H1
20653,St. Mary's County,MD,24037,H1
20680,St. Mary's County,MD,24037,H1
20670,St. Mary's County,MD,24037,H1
20628,St. Mary's County,MD,24037,H1
20619,St. Mary's County,MD,24037,H1
20630,St. Mary's County,MD,24037,H1
20621,St. Mary's County,MD,24037,H1
20650,St. Mary's County,MD,24037,H1
20634,St. Mary's County,MD,24037,H1
20618,St. Mary's County,MD,24037,H1
20667,St. Mary's County,MD,24037,H1
20659,St. Mary's County,MD,24037,H1
20624,St. Mary's County,MD,24037,H1
20626,St. Mary's County,MD,24037,H1
20674,St. Mary's County,MD,24037,H1
20656,St. Mary's County,MD,24037,H1
20687,St. Mary's County,MD,24037,H1
20627,St. Mary's County,MD,24037,H1
21857,Somerset County,MD,24039,H1
21866,Somerset County,MD,24039,H1
21890,Somerset County,MD,24039,H1
21871,Somerset County,MD,24039,H1
21838,Somerset County,MD,24039,H1
21851,Somerset County,MD,24039,H1
21821,Somerset County,MD,24039,H1
21822,Somerset County,MD,24039,H1
21824,Somerset County,MD,24039,H1
21817,Somerset County,MD,24039,H1
21836,Somerset County,MD,24039,H1
21867,Somerset County,MD,24039,H1
21853,Somerset County,MD,24039,H1
21647,Talbot County,MD,24041,H1
21612,Talbot County,MD,24041,H1
21657,Talbot County,MD,24041,H1
21624,Talbot County,MD,24041,H1
21654,Talbot County,MD,24041,H1
21653,Talbot County,MD,24041,H1
21625,Talbot County,MD,24041,H1
21652,Talbot County,MD,24041,H1
21662,Talbot County,MD,24041,H1
21679,Talbot County,MD,24041,H1
21676,Talbot County,MD,24041,H1
21671,Talbot County,MD,24041,H1
21663,Talbot County,MD,24041,H1
21601,Talbot County,MD,24041,H1
21673,Talbot County,MD,24041,H1
21665,Talbot County,MD,24041,H1
21742,Washington County,MD,24043,H1
21750,Washington County,MD,24043,H1
21756,Washington County,MD,24043,H1
21741,Washington County,MD,24043,H1
21720,Washington County,MD,24043,H1
21722,Washington County,MD,24043,H1
21782,Washington County,MD,24043,H1
21779,Washington County,MD,24043,H1
21719,Washington County,MD,24043,H1
21734,Washington County,MD,24043,H1
21721,Washington County,MD,24043,H1
21733,Washington County,MD,24043,H1
21780,Washington County,MD,24043,H1
21746,Washington County,MD,24043,H1
21781,Washington County,MD,24043,H1
21713,Washington County,MD,24043,H1
21740,Washington County,MD,24043,H1
21783,Washington County,MD,24043,H1
21711,Washington County,MD,24043,H1
21767,Washington County,MD,24043,H1
21755,Washington County,MD,24043,H1
21769,Washington County,MD,24043,H1
21715,Washington County,MD,24043,H1
21795,Washington County,MD,24043,H1
21758,Washington County,MD,24043,H1
21837,Wicomico County,MD,24045,H1
21826,Wicomico County,MD,24045,H1
21874,Wicomico County,MD,24045,H1
21852,Wicomico County,MD,24045,H1
21830,Wicomico County,MD,24045,H1
21850,Wicomico County,MD,24045,H1
21856,Wicomico County,MD,24045,H1
21840,Wicomico County,MD,24045,H1
21849,Wicomico County,MD,24045,H1
21804,Wicomico County,MD,24045,H1
21802,Wicomico County,MD,24045,H1
21822,Wicomico County,MD,24045,H1
21803,Wicomico County,MD,24045,H1
21810,Wicomico County,MD,24045,H1
21814,Wicomico County,MD,24045,H1
21875,Wicomico County,MD,24045,H1
21801,Wicomico County,MD,24045,H1
21861,Wicomico County,MD,24045,H1
21865,Wicomico County,MD,24045,H1
21864,Worcester County,MD,24047,H1
21804,Worcester County,MD,24047,H1
21872,Worcester County,MD,24047,H1
21792,Worcester County,MD,24047,H1
21851,Worcester County,MD,24047,H1
21863,Worcester County,MD,24047,H1
21813,Worcester County,MD,24047,H1
21841,Worcester County,MD,24047,H1
21822,Worcester County,MD,24047,H1
21862,Worcester County,MD,24047,H1
21843,Worcester County,MD,24047,H1
21842,Worcester County,MD,24047,H1
21811,Worcester County,MD,24047,H1
21829,Worcester County,MD,24047,H1
21229,Baltimore city,MD,24510,C7
21230,Baltimore city,MD,24510,C7
21223,Baltimore city,MD,24510,C7
21233,Baltimore city,MD,24510,C7
21278,Baltimore city,MD,24510,C7
21281,Baltimore city,MD,24510,C7
21237,Baltimore city,MD,24510,C7
21217,Baltimore city,MD,24510,C7
21213,Baltimore city,MD,24510,C7
21236,Baltimore city,MD,24510,C7
21201,Baltimore city,MD,24510,C7
21225,Baltimore city,MD,24510,C7
21231,Baltimore city,MD,24510,C7
21224,Baltimore city,MD,24510,C7
21227,Baltimore city,MD,24510,C7
21214,Baltimore city,MD,24510,C7
21206,Baltimore city,MD,24510,C7
21207,Baltimore city,MD,24510,C7
21287,Baltimore city,MD,24510,C7
21228,Baltimore city,MD,24510,C7
21203,Baltimore city,MD,24510,C7
21211,Baltimore city,MD,24510,C7
21208,Baltimore city,MD,24510,C7
21290,Baltimore city,MD,24510,C7
21202,Baltimore city,MD,24510,C7
21239,Baltimore city,MD,24510,C7
21226,Baltimore city,MD,24510,C7
21234,Baltimore city,MD,24510,C7
21216,Baltimore city,MD,24510,C7
21209,Baltimore city,MD,24510,C7
21222,Baltimore city,MD,24510,C7
21263,Baltimore city,MD,24510,C7
21205,Baltimore city,MD,24510,C7
21215,Baltimore city,MD,24510,C7
21218,Baltimore city,MD,24510,C7
21212,Baltimore city,MD,24510,C7
21210,Baltimore city,MD,24510,C7
21251,Baltimore city,MD,24510,C7
21270,Baltimore city,MD,24510,C7
22209,Arlington County,VA,51013,H1
22230,Arlington County,VA,51013,H1
22240,Arlington County,VA,51013,H1
22241,Arlington County,VA,51013,H1
20330,Arlington County,VA,51013,H1
20406,Arlington County,VA,51013,H1
20598,Arlington County,VA,51013,H1
22226,Arlington County,VA,51013,H1
22202,Arlington County,VA,51013,H1
22211,Arlington County,VA,51013,H1
22244,Arlington County,VA,51013,H1
22215,Arlington County,VA,51013,H1
22207,Arlington County,VA,51013,H1
22101,Arlington County,VA,51013,H1
22046,Arlington County,VA,51013,H1
22245,Arlington County,VA,51013,H1
22242,Arlington County,VA,51013,H1
22213,Arlington County,VA,51013,H1
22204,Arlington County,VA,51013,H1
20301,Arlington County,VA,51013,H1
22217,Arlington County,VA,51013,H1
22206,Arlington County,VA,51013,H1
20310,Arlington County,VA,51013,H1
22216,Arlington County,VA,51013,H1
22210,Arlington County,VA,51013,H1
22212,Arlington County,VA,51013,H1
22227,Arlington County,VA,51013,H1
22201,Arlington County,VA,51013,H1
22205,Arlington County,VA,51013,H1
22219,Arlington County,VA,51013,H1
20350,Arlington County,VA,51013,H1
22225,Arlington County,VA,51013,H1
22203,Arlington County,VA,51013,H1
22243,Arlington County,VA,51013,H1
22214,Arlington County,VA,51013,H1
20121,Fairfax County,VA,51059,H1
22124,Fairfax County,VA,51059,H1
22042,Fairfax County,VA,51059,H1
22106,Fairfax County,VA,51059,H1
22003,Fairfax County,VA,51059,H1
22015,Fairfax County,VA,51059,H1
20194,Fairfax County,VA,51059,H1
22009,Fairfax County,VA,51059,H1
20171,Fairfax County,VA,51059,H1
20170,Fairfax County,VA,51059,H1
22150,Fairfax County,VA,51059,H1
22037,Fairfax County,VA,51059,H1
20152,Fairfax County,VA,51059,H1
22044,Fairfax County,VA,51059,H1
22103,Fairfax County,VA,51059,H1
22030,Fairfax County,VA,51059,H1
20151,Fairfax County,VA,51059,H1
22306,Fairfax County,VA,51059,H1
22308,Fairfax County,VA,51059,H1
22311,Fairfax County,VA,51059,H1
22310,Fairfax County,VA,51059,H1
22182,Fairfax County,VA,51059,H1
22180,Fairfax County,VA,51059,H1
22183,Fairfax County,VA,51059,H1
22199,Fairfax County,VA,51059,H1
20195,Fairfax County,VA,51059,H1
22107,Fairfax County,VA,51059,H1
22109,Fairfax County,VA,51059,H1
22160,Fairfax County,VA,51059,H1
20598,Fairfax County,VA,51059,H1
22041,Fairfax County,VA,51059,H1
22033,Fairfax County,VA,51059,H1
20153,Fairfax County,VA,51059,H1
22151,Fairfax County,VA,51059,H1
20069,Fairfax County,VA,51059,H1
22102,Fairfax County,VA,51059,H1
22060,Fairfax County,VA,51059,H1
22039,Fairfax County,VA,51059,H1
22027,Fairfax County,VA,51059,H1
22204,Fairfax County,VA,51059,H1
20206,Fairfax County,VA,51059,H1
20120,Fairfax County,VA,51059,H1
20122,Fairfax County,VA,51059,H1
22101,Fairfax County,VA,51059,H1
22043,Fairfax County,VA,51059,H1
22307,Fairfax County,VA,51059,H1
22153,Fairfax County,VA,51059,H1
22035,Fairfax County,VA,51059,H1
22304,Fairfax County,VA,51059,H1
20070,Fairfax County,VA,51059,H1
22158,Fairfax County,VA,51059,H1
22079,Fairfax County,VA,51059,H1
22116,Fairfax County,VA,51059,H1
22122,Fairfax County,VA,51059,H1
22031,Fairfax County,VA,51059,H1
22032,Fairfax County,VA,51059,H1
20191,Fairfax County,VA,51059,H1
22312,Fairfax County,VA,51059,H1
22181,Fairfax County,VA,51059,H1
22207,Fairfax County,VA,51059,H1
22185,Fairfax County,VA,51059,H1
22066,Fairfax County,VA,51059,H1
22315,Fairfax County,VA,51059,H1
22303,Fairfax County,VA,51059,H1
22161,Fairfax County,VA,51059,H1
20172,Fairfax County,VA,51059,H1
20192,Fairfax County,VA,51059,H1
22206,Fairfax County,VA,51059,H1
22121,Fairfax County,VA,51059,H1
20165,Fairfax County,VA,51059,H1
22213,Fairfax County,VA,51059,H1
20041,Fairfax County,VA,51059,H1
22067,Fairfax County,VA,51059,H1
20124,Fairfax County,VA,51059,H1
22046,Fairfax County,VA,51059,H1
20190,Fairfax County,VA,51059,H1
22302,Fairfax County,VA,51059,H1
22309,Fairfax County,VA,51059,H1
22152,Fairfax County,VA,51059,H1
22108,Fairfax County,VA,51059,H1
22081,Fairfax County,VA,51059,H1
20164,Fairfax County,VA,51059,H1
22159,Fairfax County,VA,51059,H1
20135,Loudoun County,VA,51107,H1
20164,Loudoun County,VA,51107,H1
20120,Loudoun County,VA,51107,H1
20101,Loudoun County,VA,51107,H1
20189,Loudoun County,VA,51107,H1
20178,Loudoun County,VA,51107,H1
20177,Loudoun County,VA,51107,H1
20167,Loudoun County,VA,51107,H1
20151,Loudoun County,VA,51107,H1
20197,Loudoun County,VA,51107,H1
20103,Loudoun County,VA,51107,H1
20131,Loudoun County,VA,51107,H1
20159,Loudoun County,VA,51107,H1
20180,Loudoun County,VA,51107,H1
20152,Loudoun County,VA,51107,H1
20129,Loudoun County,VA,51107,H1
20184,Loudoun County,VA,51107,H1
20165,Loudoun County,VA,51107,H1
20146,Loudoun County,VA,51107,H1
20130,Loudoun County,VA,51107,H1
20141,Loudoun County,VA,51107,H1
20175,Loudoun County,VA,51107,H1
20158,Loudoun County,VA,51107,H1
20149,Loudoun County,VA,51107,H1
20132,Loudoun County,VA,51107,H1
20117,Loudoun County,VA,51107,H1
20105,Loudoun County,VA,51107,H1
20176,Loudoun County,VA,51107,H1
20166,Loudoun County,VA,51107,H1
20148,Loudoun County,VA,51107,H1
20160,Loudoun County,VA,51107,H1
22066,Loudoun County,VA,51107,H1
20598,Loudoun County,VA,51107,H1
20104,Loudoun County,VA,51107,H1
20147,Loudoun County,VA,51107,H1
20169,Prince William County,VA,51153,H1
22172,Prince William County,VA,51153,H1
20156,Prince William County,VA,51153,H1
20109,Prince William County,VA,51153,H1
22026,Prince William County,VA,51153,H1
20182,Prince William County,VA,51153,H1
20181,Prince William County,VA,51153,H1
22192,Prince William County,VA,51153,H1
20155,Prince William County,VA,51153,H1
22193,Prince William County,VA,51153,H1
20112,Prince William County,VA,51153,H1
22025,Prince William County,VA,51153,H1
22191,Prince William County,VA,51153,H1
20198,Prince William County,VA,51153,H1
20168,Prince William County,VA,51153,H1
20187,Prince William County,VA,51153,H1
20110,Prince William County,VA,51153,H1
22195,Prince William County,VA,51153,H1
22194,Prince William County,VA,51153,H1
20137,Prince William County,VA,51153,H1
20143,Prince William County,VA,51153,H1
20136,Prince William County,VA,51153,H1
20111,Prince William County,VA,51153,H1
22134,Prince William County,VA,51153,H1
22125,Prince William County,VA,51153,H1
20119,Prince William County,VA,51153,H1
22206,Alexandria city,VA,51510,C7
22333,Alexandria city,VA,51510,C7
22301,Alexandria city,VA,51510,C7
22314,Alexandria city,VA,51510,C7
22311,Alexandria city,VA,51510,C7
22313,Alexandria city,VA,51510,C7
22305,Alexandria city,VA,51510,C7
22332,Alexandria city,VA,51510,C7
22304,Alexandria city,VA,51510,C7
22302,Alexandria city,VA,51510,C7
22350,Alexandria city,VA,51510,C7
22312,Alexandria city,VA,51510,C7
20598,Alexandria city,VA,51510,C7
22320,Alexandria city,VA,51510,C7
22331,Alexandria city,VA,51510,C7
22030,Fairfax city,VA,51600,C7
22031,Fairfax city,VA,51600,C7
22038,Fairfax city,VA,51600,C7
22032,Fairfax city,VA,51600,C7
22046,Falls Church city,VA,51610,C7
22213,Falls Church city,VA,51610,C7
22042,Falls Church city,VA,51610,C7
22040,Falls Church city,VA,51610,C7
22044,Falls Church city,VA,51610,C7
22205,Falls Church city,VA,51610,C7
